[
  {
    "name": "Gradientos",
    "colors": ["#e4ad7a", "#d770b2"]
  },

  {
    "name": "Candy Town",
    "colors": ["#d8848b", "#cb96da"]
  },
  {
    "name": "Lipstick Overdose",
    "colors": ["#c84e89", "#F15F79"]
  },
  {
    "name": "Desert Sun",
    "colors": ["#f9d07d", "#cb4558"]
  },
  {
    "name": "Rose Garden",
    "colors": ["#f97d98", "#d41f46"]
  },
  {
    "name": "Pink Panther",
    "colors": ["#FFC0D6", "#e0709f"]
  },
  {
    "name": "Orange Paradise",
    "colors": ["#FBBA00", "#FF8714"]
  },
  {
    "name": "Sunset in Bali",
    "colors": ["#ffcc2f", "#ef5734"]
  },
  {
    "name": "Peach Perfect",
    "colors": ["#ffa585", "#ffeda0"]
  },
  {
    "name": "Tropical Juice",
    "colors": ["#FFFAA7", "#FBAC08"]
  },
  {
    "name": "Totally Bananas",
    "colors": ["#F9DE70", "#FFFBAB"]
  },
  {
    "name": "Eldorado",
    "colors": ["#fffbab", "#b59501"]
  },
  {
    "name": "Touch of Mojito",
    "colors": ["#fcffab", "#acffa3"]
  },
  {
    "name": "Fresh Cut Grass",
    "colors": ["#a5e29c", "#1b7b2c"]
  },
  {
    "name": "Welcome to the Jungle",
    "colors": ["#3d9c6c", "#9ed478"]
  },
  {
    "name": "Aruba",
    "colors": ["#42afa1", "#78d4a8"]
  },
  {
    "name": "Tahiti",
    "colors": ["#62daca", "#10d4a9"]
  },
  {
    "name": "Emerald Water",
    "colors": ["#62dab4", "#10bed4"]
  },
  {
    "name": "Nusa Penida",
    "colors": ["#a0dec3", "#3eadcf"]
  },
  {
    "name": "The Blue Bird",
    "colors": ["#7debf2", "#60a4ff"]
  },
  {
    "name": "Aurora Borealis",
    "colors": ["#5ee7df", "#b490ca"]
  },
  {
    "name": "Scent of Lilacs",
    "colors": ["#a487e6", "#f2bfe3"]
  },
  {
    "name": "Violet's Secret",
    "colors": ["#b587e6", "#d169d1"]
  },
  {
    "name": "Mystic Mist",
    "colors": ["#b993d6", "#8ca6db"]
  },
  {
    "name": "Hot Summer Eve",
    "colors": ["#e6589d", "#a65fb5"]
  },
  {
    "name": "Nostalgia",
    "colors": ["#8e1d9e", "#b764c5"]
  },
  {
    "name": "The Nightclub",
    "colors": ["#9820a8", "#d16b98"]
  },
  {
    "name": "Sweet as Pie",
    "colors": ["#cb6594", "#f81d55"]
  },
  {
    "name": "Forbidden Fun",
    "colors": ["#fc3977", "#ffadbd"]
  },
  {
    "name": "Strawberry Smoothie",
    "colors": ["#bc2a74", "#ff7c9c"]
  }
]
